item_id	module	type	ru_text	en_text_draft	ru_option_a	en_option_a_draft	ru_option_b	en_option_b_draft	review_status	source_note
SAT01	SAT24	likert	В несексуальной ситуации объятие близкого мне человека обычно вызывает у меня положительный эмоциональный отклик.	In a nonsexual situation, a hug from someone close to me usually evokes a positive emotional response.					DRAFT / SEMANTIC AUDIT REQUIRED	
SAT02	SAT24	likert	Даже прикосновение одного и того же человека может ощущаться для меня по-разному в зависимости от ситуации, в которой оно происходит.	Even touch from the same person can feel different to me depending on the situation in which it occurs.					DRAFT / SEMANTIC AUDIT REQUIRED	
SAT03	SAT24	likert	Прикосновение другого человека может ощущаться для меня не только в месте контакта, но и как изменение общего состояния тела.	Another person’s touch can feel to me not only at the point of contact, but also as a change in my body’s overall state.					DRAFT / SEMANTIC AUDIT REQUIRED	
SAT04	SAT24	likert	Даже если определённое прикосновение обычно для меня приемлемо, отсутствие предупреждения может сделать такой контакт телесно менее комфортным.	Even if a particular kind of touch is usually acceptable to me, being touched without warning can make the contact feel physically less comfortable.					DRAFT / SEMANTIC AUDIT REQUIRED	
SAT05	SAT24	likert	После напряжённого момента мягкое прикосновение близкого человека обычно помогает мне эмоционально успокоиться.	After a tense moment, gentle touch from someone close to me usually helps me calm down emotionally.					DRAFT / SEMANTIC AUDIT REQUIRED	
SAT06	SAT24	likert	Одинаковое по форме прикосновение может ощущаться для меня совершенно по-разному в зависимости от того, кто именно меня касается.	The same kind of touch can feel completely different to me depending on who is touching me.					DRAFT / SEMANTIC AUDIT REQUIRED	
SAT07	SAT24	likert	Доброжелательное социальное прикосновение иногда вызывает у моего тела заметную непосредственную реакцию ещё до того, как я успеваю подробно оценить сам жест.	Friendly social touch sometimes produces a noticeable immediate reaction in my body before I have time to evaluate the gesture in detail.					DRAFT / SEMANTIC AUDIT REQUIRED	
SAT08	SAT24	likert	Даже лёгкое прикосновение может стать для меня телесно некомфортным, если человек касается участка тела, который для характера наших отношений ощущается слишком личным.	Even light touch can become physically uncomfortable for me if someone touches an area of my body that feels too personal for the nature of our relationship.					DRAFT / SEMANTIC AUDIT REQUIRED	
SAT09	SAT24	likert	Если приветственное прикосновение обычно для наших отношений, оно всё равно может иметь для меня собственную эмоциональную значимость.	Even when a greeting touch is usual in our relationship, it can still carry its own emotional significance for me.					DRAFT / SEMANTIC AUDIT REQUIRED	
SAT10	SAT24	likert	Одно и то же дружеское прикосновение может ощущаться для меня по-разному в зависимости от того, происходит оно наедине или в присутствии других людей.	The same friendly touch can feel different to me depending on whether it happens in private or in the presence of other people.					DRAFT / SEMANTIC AUDIT REQUIRED	
SAT11	SAT24	likert	После тёплого несексуального объятия я обычно ощущаю заметное изменение состояния собственного тела.	After a warm, nonsexual hug, I usually notice a distinct change in the state of my body.					DRAFT / SEMANTIC AUDIT REQUIRED	
SAT12	SAT24	likert	Прикосновение малознакомого человека может оставаться для меня телесно некомфортным, даже если я понимаю, что у него нет плохого намерения.	Touch from someone I do not know well can remain physically uncomfortable for me even when I understand that the person has no harmful intent.					DRAFT / SEMANTIC AUDIT REQUIRED	
SAT13	SAT24	likert	В тёплом общении прикосновение может добавлять для меня эмоциональную значимость, которой одни слова не дают.	In a warm interaction, touch can add emotional significance for me that words alone do not provide.					DRAFT / SEMANTIC AUDIT REQUIRED	
SAT14	SAT24	likert	Прикосновение близкого друга и похожее прикосновение малознакомого человека обычно вызывают у меня различный телесный отклик.	Touch from a close friend and similar touch from someone I barely know usually produce different bodily responses in me.					DRAFT / SEMANTIC AUDIT REQUIRED	
SAT15	SAT24	likert	При дружеском или поддерживающем прикосновении у меня иногда заметно меняется дыхание, мышечный тонус или другое состояние тела.	During friendly or supportive touch, I sometimes notice a clear change in my breathing, muscle tone, or another aspect of my bodily state.					DRAFT / SEMANTIC AUDIT REQUIRED	
SAT16	SAT24	likert	Прикосновение человека, с которым у меня нет близких отношений, нередко вызывает у меня телесное напряжение, даже если само прикосновение краткое и нейтральное.	Touch from someone with whom I do not have a close relationship often creates bodily tension in me, even when the touch itself is brief and neutral.					DRAFT / SEMANTIC AUDIT REQUIRED	
SAT17	SAT24	likert	Когда близкий человек меня поддерживает, его прикосновение само по себе обычно добавляет мне ощущение эмоциональной поддержки.	When someone close to me is supporting me, their touch itself usually adds to my sense of emotional support.					DRAFT / SEMANTIC AUDIT REQUIRED	
SAT18	SAT24	likert	Моя реакция на прикосновение заметно зависит от того, какой смысл я воспринимаю в этом жесте — например приветствие, поддержку или привлечение внимания.	My response to touch depends noticeably on the meaning I perceive in the gesture—for example, greeting, support, or getting my attention.					DRAFT / SEMANTIC AUDIT REQUIRED	
SAT19	SAT24	likert	После эмоционально значимого прикосновения телесное ощущение от него иногда сохраняется у меня ещё некоторое время после окончания контакта.	After emotionally significant touch, the bodily sensation from it sometimes remains with me for a while after the contact has ended.					DRAFT / SEMANTIC AUDIT REQUIRED	
SAT20	SAT24	likert	Когда человек в обычном разговоре касается меня чаще, чем мне комфортно, я начинаю телесно ощущать желание увеличить дистанцию.	When someone touches me more often than feels comfortable during an ordinary conversation, I begin to feel a bodily urge to increase the distance.					DRAFT / SEMANTIC AUDIT REQUIRED	
SAT21	SAT24	likert	В обычном несексуальном общении короткое прикосновение человека, с которым у меня хорошие отношения, может сделать взаимодействие для меня эмоционально теплее.	In ordinary nonsexual interaction, a brief touch from someone with whom I have a good relationship can make the interaction feel emotionally warmer to me.					DRAFT / SEMANTIC AUDIT REQUIRED	
SAT22	SAT24	likert	Степень эмоциональной близости с человеком заметно меняет то, как я переживаю его прикосновение.	The degree of emotional closeness I have with someone noticeably changes how I experience their touch.					DRAFT / SEMANTIC AUDIT REQUIRED	
SAT23	SAT24	likert	Даже небольшое доброжелательное прикосновение иногда вызывает у меня заметное телесное изменение — например тепло, расслабление или изменение общего тонуса.	Even a small friendly touch sometimes produces a noticeable bodily change in me—for example warmth, relaxation, or a change in overall tone.					DRAFT / SEMANTIC AUDIT REQUIRED	
SAT24	SAT24	likert	Неподходящее для меня прикосновение часто вызывает телесную реакцию раньше, чем я успеваю сформулировать, почему оно мне не подходит.	Touch that does not feel right for me often produces a bodily reaction before I can put into words why it does not feel right.					DRAFT / SEMANTIC AUDIT REQUIRED	
Q01	P72	likert	Когда я замечал(а) визуальную гармонию или красоту тела, моё внимание часто переходило от простого любования к эротическому интересу.	When I noticed visual harmony or beauty in a body, my attention often shifted from simple admiration toward erotic interest.					DRAFT / SEMANTIC AUDIT REQUIRED	
Q02	P72	likert	Мне было важно не только видеть желание партнёра, но и чувствовать, что мы вместе формируем то, как смотрим друг на друга и создаём атмосферу.	It mattered to me not only to see a partner’s desire, but also to feel that together we were shaping how we looked at each other and creating the atmosphere.					DRAFT / SEMANTIC AUDIT REQUIRED	
Q03	P72	likert	Без реальных телесных или сенсорных сигналов даже привлекательный визуальный образ иногда оставался для меня неполным.	Without real bodily or sensory signals, even an attractive visual image sometimes felt incomplete to me.					DRAFT / SEMANTIC AUDIT REQUIRED	
Q04	P72	likert	Меня захватывало не столько удачно зафиксированное положение, сколько то, как сама форма менялась в движении.	What captivated me was not so much a well-captured static position as the way the form itself changed in motion.					DRAFT / SEMANTIC AUDIT REQUIRED	
Q05	P72	likert	Предвкушение ещё не исследованной вариации само по себе удерживало моё внимание и интерес.	Anticipation of a variation I had not yet explored was enough on its own to hold my attention and interest.					DRAFT / SEMANTIC AUDIT REQUIRED	
Q06	P72	likert	Знакомый мне образ всё равно мог сильно притягивать, если в нём сохранялись масштаб, контраст или мощная выразительность.	A familiar image could still attract me strongly if it retained scale, contrast, or powerful expressiveness.					DRAFT / SEMANTIC AUDIT REQUIRED	
Q07	P72	likert	Одна характерная деталь тела могла удерживать моё внимание независимо от того, насколько идеальным был общий силуэт.	A single distinctive detail of the body could hold my attention regardless of how ideal the overall silhouette was.					DRAFT / SEMANTIC AUDIT REQUIRED	
Q08	P72	likert	Слишком нейтральная или сдержанная подача часто уменьшала силу моего впечатления, даже если сам образ был новым.	An overly neutral or restrained presentation often reduced the strength of my impression, even when the image itself was new.					DRAFT / SEMANTIC AUDIT REQUIRED	
Q09	P72	likert	Когда визуальная красота оставалась для меня только красивой и не переходила в телесный отклик, моё эротическое вовлечение часто ощущалось неполным.	When visual beauty remained only beautiful to me and did not turn into a bodily response, my erotic involvement often felt incomplete.					DRAFT / SEMANTIC AUDIT REQUIRED	
Q10	P72	likert	Один и тот же человек мог восприниматься мной заметно по-разному в зависимости от света, ракурса, фона или качества видимости.	The same person could feel noticeably different to me depending on lighting, angle, background, or quality of visibility.					DRAFT / SEMANTIC AUDIT REQUIRED	
Q11	P72	likert	Для усиления моего желания было важно прежде всего почувствовать реальный отклик партнёра, даже если мы не создавали вместе особую визуальную атмосферу.	For my desire to intensify, what mattered most was feeling a real response from my partner, even if we were not creating a special visual atmosphere together.					DRAFT / SEMANTIC AUDIT REQUIRED	
Q12	P72	likert	Я мог(ла) подолгу удерживать внимание на гармонии формы тела просто потому, что она казалась мне красивой.	I could keep my attention on the harmony of bodily form for a long time simply because I found it beautiful.					DRAFT / SEMANTIC AUDIT REQUIRED	
Q13	P72	likert	Искреннее желание, удовольствие или эмоциональная включённость партнёра могли сами по себе усиливать моё собственное возбуждение.	A partner’s genuine desire, pleasure, or emotional engagement could by itself intensify my own arousal.					DRAFT / SEMANTIC AUDIT REQUIRED	
Q14	P72	likert	Моё внимание легко следовало за тем, как при движении меняются линии, напряжение, баланс и объёмы тела.	My attention readily followed the way lines, tension, balance, and bodily volumes changed in movement.					DRAFT / SEMANTIC AUDIT REQUIRED	
Q15	P72	likert	Поверхность и объём тела удерживали моё внимание не только визуально: я мысленно как будто ощущал(а), какими они были бы на ощупь.	The surface and volume of a body held my attention not only visually: in my mind I almost sensed what they would feel like to the touch.					DRAFT / SEMANTIC AUDIT REQUIRED	
Q16	P72	likert	Сильный контраст, масштаб, подчёркнутая форма или необычная выразительность могли мгновенно усиливать моё притяжение.	Strong contrast, scale, emphasized form, or unusual expressiveness could instantly intensify my attraction.					DRAFT / SEMANTIC AUDIT REQUIRED	
Q17	P72	likert	Одностороннее рассматривание без ощущения совместности могло обеднять мой опыт, даже при явной взаимной симпатии или желании.	One-sided looking without a sense of mutual participation could impoverish my experience, even when mutual attraction or desire was clearly present.					DRAFT / SEMANTIC AUDIT REQUIRED	
Q18	P72	likert	Когда зрительный образ не вызывал у меня никакого ощущения фактуры или телесности, он становился заметно менее живым и вовлекающим.	When a visual image gave me no sense of texture or bodily substance, it became noticeably less vivid and engaging.					DRAFT / SEMANTIC AUDIT REQUIRED	
Q19	P72	likert	Когда несколько чувств включались одновременно, моё внимание сильнее погружалось в человека, чем при одном зрительном впечатлении.	When several senses were engaged at the same time, my attention became more deeply absorbed in the person than with visual impression alone.					DRAFT / SEMANTIC AUDIT REQUIRED	
Q20	P72	likert	Красота линии, силуэта или жеста могла сама по себе вызывать у меня эстетическое восхищение, даже если я не хотел(а) развивать это в сексуальную сторону.	The beauty of a line, silhouette, or gesture could by itself evoke aesthetic admiration in me even when I did not want to take it in a sexual direction.					DRAFT / SEMANTIC AUDIT REQUIRED	
Q21	P72	likert	Новый образ, ракурс, вариация или сценарий могли быстро вернуть моё внимание к уже знакомому человеку.	A new image, angle, variation, or scenario could quickly renew my attention toward someone already familiar to me.					DRAFT / SEMANTIC AUDIT REQUIRED	
Q22	P72	likert	То, как тело было показано в пространстве и освещении, нередко становилось центральной частью моего визуального впечатления.	The way a body was presented in space and light often became a central part of my visual impression.					DRAFT / SEMANTIC AUDIT REQUIRED	
Q23	P72	likert	Бывало, что я ясно ценил(а) красоту тела как эстетическое переживание, хотя телесного возбуждения в этот момент почти не было.	At times I clearly appreciated the beauty of a body as an aesthetic experience while experiencing almost no bodily arousal at that moment.					DRAFT / SEMANTIC AUDIT REQUIRED	
Q24	P72	likert	Когда визуальный образ создавался нами вместе, сам обмен взглядами и реакциями мог стать центральной частью моего внимания.	When we created the visual image together, the exchange of looks and reactions itself could become a central part of my attention.					DRAFT / SEMANTIC AUDIT REQUIRED	
Q25	P72	likert	Для моего возбуждения имел значение именно переход от увиденной красоты к телесному желанию, а не только факт, что я считал(а) человека красивым.	For my arousal, what mattered was specifically the transition from perceived beauty to bodily desire, not merely the fact that I considered someone beautiful.					DRAFT / SEMANTIC AUDIT REQUIRED	
Q26	P72	likert	При первом впечатлении я часто сразу считывал(а) общую архитектуру тела - силуэт, пропорции, линии и баланс объёмов.	On first impression, I often immediately registered the body’s overall architecture—silhouette, proportions, lines, and balance of volumes.					DRAFT / SEMANTIC AUDIT REQUIRED	
Q27	P72	likert	Долгое повторение без заметной вариативности обычно снижало мою вовлечённость.	Prolonged repetition without noticeable variation usually reduced my involvement.					DRAFT / SEMANTIC AUDIT REQUIRED	
Q28	P72	likert	Чтобы ощущение стало по-настоящему телесным, мне часто было важно получить реальный сенсорный отклик, а не только представить его по виду.	For an impression to become genuinely bodily, I often needed real sensory feedback rather than only imagining it from what I saw.					DRAFT / SEMANTIC AUDIT REQUIRED	
Q29	P72	likert	Жест, поворот или переход между позами мог сразу сделать тело для меня выразительнее, чем в неподвижном состоянии.	A gesture, turn, or transition between poses could immediately make a body more expressive to me than when it was still.					DRAFT / SEMANTIC AUDIT REQUIRED	
Q30	P72	likert	Даже привлекательные детали теряли часть силы, если общий силуэт или соотношение объёмов казались мне несобранными.	Even attractive details lost some of their force if the overall silhouette or balance of volumes felt incoherent to me.					DRAFT / SEMANTIC AUDIT REQUIRED	
Q31	P72	likert	Во время эротического вовлечения я естественно замечал(а) отклик партнёра, и он становился частью того, что удерживало мой интерес.	During erotic involvement, I naturally noticed my partner’s response, and it became part of what sustained my interest.					DRAFT / SEMANTIC AUDIT REQUIRED	
Q32	P72	likert	Взаимный взгляд и совместное изменение позы, света или атмосферы могли сами становиться источником эротического вовлечения.	Mutual gaze and jointly changing pose, lighting, or atmosphere could themselves become a source of erotic involvement.					DRAFT / SEMANTIC AUDIT REQUIRED	
Q33	P72	likert	Отдельные особенности - рельеф, переходы, контуры или небольшие анатомические детали - сами привлекали моё внимание.	Individual features—relief, transitions, contours, or small anatomical details—attracted my attention in their own right.					DRAFT / SEMANTIC AUDIT REQUIRED	
Q34	P72	likert	Я мог(ла) получить почти осязательное впечатление от тела только через взгляд, даже когда реального прикосновения не было и оно не требовалось.	I could have an almost tactile impression of a body through sight alone, even when there was no actual touch and none was needed.					DRAFT / SEMANTIC AUDIT REQUIRED	
Q35	P72	likert	Даже без движения смена света, ракурса или композиции могла существенно изменить силу моего впечатления.	Even without movement, a change in lighting, angle, or composition could substantially change the strength of my impression.					DRAFT / SEMANTIC AUDIT REQUIRED	
Q36	P72	likert	Когда я видел(а) только неподвижный образ, мне иногда не хватало именно пластики движения, чтобы впечатление стало полноценным.	When I saw only a still image, I sometimes specifically missed the plasticity of movement needed for the impression to feel complete.					DRAFT / SEMANTIC AUDIT REQUIRED	
Q37	P72	likert	Цельное сочетание форм удерживало моё внимание сильнее, чем любой один отдельный признак.	An integrated combination of forms held my attention more strongly than any single isolated feature.					DRAFT / SEMANTIC AUDIT REQUIRED	
Q38	P72	likert	Реальные ощущения - прикосновение, температура, запах, голос или дыхание рядом - могли заметно усиливать моё визуальное и эротическое вовлечение.	Real sensations—touch, temperature, scent, voice, or nearby breathing—could noticeably intensify my visual and erotic involvement.					DRAFT / SEMANTIC AUDIT REQUIRED	
Q39	P72	likert	Если индивидуальный рельеф и характерные детали становились визуально нейтральными или незаметными, моё впечатление теряло часть интереса.	If individual contours and distinctive details became visually neutral or hard to notice, my impression lost some of its interest.					DRAFT / SEMANTIC AUDIT REQUIRED	
Q40	P72	likert	Неудачный свет, ракурс или визуальный хаос могли заметно уменьшить моё вовлечение, даже если сама форма тела мне нравилась.	Unflattering light, angle, or visual clutter could noticeably reduce my involvement even when I liked the bodily form itself.					DRAFT / SEMANTIC AUDIT REQUIRED	
Q41	P72	likert	Даже в неподвижном образе я прежде всего воспринимал(а), как линии и объёмы складываются в единую композицию.	Even in a still image, I primarily perceived how lines and volumes came together into a unified composition.					DRAFT / SEMANTIC AUDIT REQUIRED	
Q42	P72	likert	Визуально красивый образ тела мог сам по себе быстро запускать у меня телесное возбуждение ещё до прикосновения или явного отклика партнёра.	A visually beautiful image of a body could by itself quickly trigger bodily arousal in me, even before touch or an explicit response from a partner.					DRAFT / SEMANTIC AUDIT REQUIRED	
Q43	P72	likert	Когда я не находил(а) образ эстетически красивым, часть моего вовлечения терялась, даже если сексуальное желание или личная симпатия сохранялись.	When I did not find an image aesthetically beautiful, part of my involvement was lost even if sexual desire or personal liking remained.					DRAFT / SEMANTIC AUDIT REQUIRED	
Q44	P72	likert	Одного взгляда на кожу, изгиб или рельеф иногда было достаточно, чтобы почти почувствовать их фактуру, тепло или плотность.	A glance at skin, a curve, or bodily relief was sometimes enough for me to almost feel its texture, warmth, or density.					DRAFT / SEMANTIC AUDIT REQUIRED	
Q45	P72	likert	Даже небольшая и неяркая новизна могла оживить мой интерес, не требуя сильного контраста или интенсивности.	Even a small and subtle novelty could enliven my interest without requiring strong contrast or intensity.					DRAFT / SEMANTIC AUDIT REQUIRED	
Q46	P72	likert	Я мог(ла) получать сильное впечатление от конкретной детали, даже когда общий силуэт не казался мне особенно выдающимся.	I could be strongly affected by a specific detail even when the overall silhouette did not seem especially striking to me.					DRAFT / SEMANTIC AUDIT REQUIRED	
Q47	P72	likert	При отсутствии явного эмоционального или эротического отклика со стороны партнёра моё вовлечение часто становилось менее глубоким, даже если визуально человек оставался привлекательным.	When a partner showed no clear emotional or erotic response, my involvement often became less deep even if I still found the person visually attractive.					DRAFT / SEMANTIC AUDIT REQUIRED	
Q48	P72	likert	Ярко выраженные формы или контрасты могли доминировать в моём внимании, даже если я видел(а) их уже не впервые.	Pronounced forms or contrasts could dominate my attention even when I had seen them before.					DRAFT / SEMANTIC AUDIT REQUIRED	
Q49	P72	comparative	Если сохранить можно только один механизм, что для вас труднее заменить?	If only one mechanism could be retained, which would be harder for you to replace?	Чтобы внимание захватывала тонкая индивидуальная деталь или переход формы.	Having my attention captured by a subtle individual detail or transition of form.	Чтобы внимание захватывала сильная, масштабная или контрастная выразительность.	Having my attention captured by strong, large-scale, or high-contrast expressiveness.	DRAFT / SEMANTIC AUDIT REQUIRED	
Q50	P72	comparative	Если сохранить можно только один механизм, что для вас труднее заменить?	If only one mechanism could be retained, which would be harder for you to replace?	Чтобы выразительность раскрывалась в изменении формы во времени.	Having expressiveness unfold through changes in form over time.	Чтобы особенно сильно работала цельная архитектура силуэта и пропорций.	Having the integrated architecture of silhouette and proportions exert especially strong impact.	DRAFT / SEMANTIC AUDIT REQUIRED	
Q51	P72	comparative	Если сохранить можно только один механизм, что для вас труднее заменить? интенсивности.	If only one mechanism could be retained, which would be harder for you to replace?	Чтобы особенно действовала мощная, подчёркнутая выразительность формы.	Being especially affected by powerful, emphasized expressiveness of form.	Чтобы красота и гармония формы были ценны сами по себе, даже без высокой	Having the beauty and harmony of form be valuable in their own right, even without high intensity.	DRAFT / SEMANTIC AUDIT REQUIRED	SOURCE CONCATENATION ANOMALY IN CURRENT RUNTIME EXPORT - verify against frozen scientific authority before release
Q52	P72	comparative	Если сохранить можно только один механизм, что для вас труднее заменить?	If only one mechanism could be retained, which would be harder for you to replace?	Получать новый импульс от смены образа, вариации или сценария.	Getting a new impulse from a change of image, variation, or scenario.	Чтобы сила впечатления зависела от точного света, ракурса и композиции.	Having the strength of the impression depend on precise lighting, angle, and composition.	DRAFT / SEMANTIC AUDIT REQUIRED	
Q53	P72	comparative	Если сохранить можно только один механизм, что для вас труднее заменить? обычный.	If only one mechanism could be retained, which would be harder for you to replace?	Замечать и удерживать внимание на индивидуальной детали, даже если общий силуэт	Noticing and holding attention on an individual detail even when the overall silhouette is ordinary.	Считывать цельную композицию тела, даже если отдельные детали не выделяются.	Reading the body as an integrated composition even when individual details do not stand out.	DRAFT / SEMANTIC AUDIT REQUIRED	SOURCE CONCATENATION ANOMALY IN CURRENT RUNTIME EXPORT - verify against frozen scientific authority before release
Q54	P72	comparative	Если сохранить можно только один механизм, что для вас труднее заменить?	If only one mechanism could be retained, which would be harder for you to replace?	Получать почти осязательное ощущение поверхности уже через взгляд.	Getting an almost tactile sense of surface through sight alone.	Считывать, как форма тела оживает и меняется в жесте и движении.	Reading how bodily form comes alive and changes through gesture and movement.	DRAFT / SEMANTIC AUDIT REQUIRED	
Q55	P72	comparative	Если сохранить можно только один механизм, что для вас труднее заменить? присутствия партнёра. интенсивности.	If only one mechanism could be retained, which would be harder for you to replace?	Чтобы вовлечение становилось глубже от видимого удовольствия и личного	Having involvement deepen through a partner’s visible pleasure and personal presence.	Чтобы притяжение усиливалось от масштаба, контраста и выразительной	Having attraction intensify through scale, contrast, and expressive intensity.	DRAFT / SEMANTIC AUDIT REQUIRED	SOURCE CONCATENATION ANOMALY IN CURRENT RUNTIME EXPORT - verify against frozen scientific authority before release
Q56	P72	comparative	Если сохранить можно только один механизм, что для вас труднее заменить?	If only one mechanism could be retained, which would be harder for you to replace?	Чтобы качество света, ракурса и пространства определяло силу визуального момента.	Having the quality of light, angle, and space determine the strength of the visual moment.	Чтобы главное изменение впечатления происходило через жест, поворот и движение.	Having the main change in impression occur through gesture, turning, and movement.	DRAFT / SEMANTIC AUDIT REQUIRED	
Q57	P72	comparative	Если сохранить можно только один механизм, что для вас труднее заменить?	If only one mechanism could be retained, which would be harder for you to replace?	Наблюдать превращение линий и объёмов в движении.	Watching lines and volumes transform in movement.	Вместе формировать визуальную атмосферу через взаимный взгляд, позу и реакцию.	Jointly shaping the visual atmosphere through mutual gaze, pose, and response.	DRAFT / SEMANTIC AUDIT REQUIRED	
Q58	P72	comparative	Если сохранить можно только один механизм, что для вас труднее заменить?	If only one mechanism could be retained, which would be harder for you to replace?	Чтобы увиденная красота сама запускала эротический телесный отклик.	Having perceived beauty itself trigger an erotic bodily response.	Чтобы взгляд почти давал ощущение фактуры, объёма и прикосновения.	Having sight almost provide a sense of texture, volume, and touch.	DRAFT / SEMANTIC AUDIT REQUIRED	
Q59	P72	comparative	Если сохранить можно только один механизм, что для вас труднее заменить?	If only one mechanism could be retained, which would be harder for you to replace?	Воспринимать баланс всего силуэта и соотношение объёмов.	Perceiving the balance of the whole silhouette and the relationship among volumes.	Почти телесно чувствовать поверхность и объём уже по визуальному образу.	Almost physically sensing surface and volume from the visual image alone.	DRAFT / SEMANTIC AUDIT REQUIRED	
Q60	P72	comparative	Если сохранить можно только один механизм, что для вас труднее заменить?	If only one mechanism could be retained, which would be harder for you to replace?	Получать квазитактильное ощущение только через взгляд, без реального контакта.	Getting a quasi-tactile sensation through sight alone, without actual contact.	Получать полноту именно от реальных сенсорных сигналов, добавленных к зрению.	Getting a sense of completeness specifically from real sensory signals added to vision.	DRAFT / SEMANTIC AUDIT REQUIRED	
Q61	P72	comparative	Если сохранить можно только один механизм, что для вас труднее заменить? полноценным. видимость.	If only one mechanism could be retained, which would be harder for you to replace?	Чтобы реальное присутствие других ощущений делало визуальное впечатление	Having the real presence of other sensations make the visual impression complete.	Чтобы решающее значение имела визуальная постановка - свет, ракурс, фон и	Having visual staging—light, angle, background, and visibility—be decisive.	DRAFT / SEMANTIC AUDIT REQUIRED	SOURCE CONCATENATION ANOMALY IN CURRENT RUNTIME EXPORT - verify against frozen scientific authority before release
Q62	P72	comparative	Если сохранить можно только один механизм, что для вас труднее заменить?	If only one mechanism could be retained, which would be harder for you to replace?	Участвовать вдвоём в том, как создаётся визуальный и чувственный момент.	Participating together in how the visual and sensory moment is created.	Открывать новую вариацию или ракурс, который снова оживляет интерес.	Discovering a new variation or angle that brings interest back to life.	DRAFT / SEMANTIC AUDIT REQUIRED	
Q63	P72	comparative	Если сохранить можно только один механизм, что для вас труднее заменить?	If only one mechanism could be retained, which would be harder for you to replace?	Считывать тело прежде всего как цельную систему линий, пропорций и объёмов.	Reading the body primarily as an integrated system of lines, proportions, and volumes.	Переживать красоту тела как самостоятельную эстетическую ценность.	Experiencing bodily beauty as an aesthetic value in its own right.	DRAFT / SEMANTIC AUDIT REQUIRED	
Q64	P72	comparative	Если сохранить можно только один механизм, что для вас труднее заменить?	If only one mechanism could be retained, which would be harder for you to replace?	Сохранять эстетическое восхищение формой само по себе.	Retaining aesthetic admiration of form in its own right.	Сохранять усиление желания от эмоционального и эротического отклика партнёра.	Retaining the increase in desire produced by a partner’s emotional and erotic response.	DRAFT / SEMANTIC AUDIT REQUIRED	
Q65	P72	comparative	Если сохранить можно только один механизм, что для вас труднее заменить? контраста. интенсивности.	If only one mechanism could be retained, which would be harder for you to replace?	Чтобы даже знакомая форма могла сильно действовать за счёт интенсивности и	Having even a familiar form remain strongly affecting through intensity and contrast.	Чтобы даже небольшая новая вариация могла оживлять интерес без сильной	Having even a small new variation revive interest without strong intensity.	DRAFT / SEMANTIC AUDIT REQUIRED	SOURCE CONCATENATION ANOMALY IN CURRENT RUNTIME EXPORT - verify against frozen scientific authority before release
Q66	P72	comparative	Если сохранить можно только один механизм, что для вас труднее заменить? голосом или запахом.	If only one mechanism could be retained, which would be harder for you to replace?	Предвкушать и исследовать ещё не знакомую вариацию.	Anticipating and exploring a variation that is still unfamiliar.	Погружаться через реальное соединение зрения с прикосновением, температурой,	Becoming immersed through the real combination of vision with touch, temperature, voice, or scent.	DRAFT / SEMANTIC AUDIT REQUIRED	SOURCE CONCATENATION ANOMALY IN CURRENT RUNTIME EXPORT - verify against frozen scientific authority before release
Q67	P72	comparative	Если сохранить можно только один механизм, что для вас труднее заменить? желания.	If only one mechanism could be retained, which would be harder for you to replace?	Чувствовать совместность взгляда и то, что образ создаётся вдвоём.	Feeling the mutuality of the gaze and that the image is being created together.	Чувствовать искреннее желание и удовольствие партнёра как усилитель собственного	Feeling a partner’s genuine desire and pleasure as an amplifier of my own desire.	DRAFT / SEMANTIC AUDIT REQUIRED	SOURCE CONCATENATION ANOMALY IN CURRENT RUNTIME EXPORT - verify against frozen scientific authority before release
Q68	P72	comparative	Если сохранить можно только один механизм, что для вас труднее заменить? даже без возбуждения.	If only one mechanism could be retained, which would be harder for you to replace?	Сохранить возможность любоваться красотой тела как самостоятельной ценностью,	Retaining the ability to admire bodily beauty as a value in its own right, even without arousal.	Сохранить способность визуальной красоте быстро переходить в телесное возбуждение.	Retaining the ability for visual beauty to shift quickly into bodily arousal.	DRAFT / SEMANTIC AUDIT REQUIRED	SOURCE CONCATENATION ANOMALY IN CURRENT RUNTIME EXPORT - verify against frozen scientific authority before release
Q69	P72	comparative	Если сохранить можно только один механизм, что для вас труднее заменить?	If only one mechanism could be retained, which would be harder for you to replace?	Чтобы собственное возбуждение заметно усиливалось от живого отклика партнёра.	Having my own arousal noticeably intensify in response to a partner’s live response.	Чтобы визуальная красота сама по себе переводила интерес в телесное возбуждение.	Having visual beauty itself turn interest into bodily arousal.	DRAFT / SEMANTIC AUDIT REQUIRED	
Q70	P72	comparative	Если сохранить можно только один механизм, что для вас труднее заменить? вовлечения.	If only one mechanism could be retained, which would be harder for you to replace?	Чтобы прикосновение, температура, голос или запах добавляли важную часть	Having touch, temperature, voice, or scent add an important part of the involvement.	Чтобы уникальные локальные особенности тела сами удерживали интерес.	Having unique local features of the body sustain interest on their own.	DRAFT / SEMANTIC AUDIT REQUIRED	SOURCE CONCATENATION ANOMALY IN CURRENT RUNTIME EXPORT - verify against frozen scientific authority before release
Q71	P72	comparative	Если сохранить можно только один механизм, что для вас труднее заменить? показана. самостоятельную привлекательность.	If only one mechanism could be retained, which would be harder for you to replace?	Чтобы одна и та же форма сильно менялась для меня из-за способа, которым она	Having the same form change strongly for me depending on how it is presented.	Чтобы отдельный рельеф, переход или анатомическая деталь сохраняли	Having a specific contour, transition, or anatomical detail retain its own attractiveness.	DRAFT / SEMANTIC AUDIT REQUIRED	SOURCE CONCATENATION ANOMALY IN CURRENT RUNTIME EXPORT - verify against frozen scientific authority before release
Q72	P72	comparative	Если сохранить можно только один механизм, что для вас труднее заменить? возбуждения.	If only one mechanism could be retained, which would be harder for you to replace?	Чтобы красивый визуальный образ непосредственно включал эротическую реакцию.	Having a beautiful visual image directly activate an erotic response.	Чтобы взаимный взгляд и совместное создание атмосферы становились частью	Having mutual gaze and jointly creating the atmosphere become part of arousal.	DRAFT / SEMANTIC AUDIT REQUIRED	SOURCE CONCATENATION ANOMALY IN CURRENT RUNTIME EXPORT - verify against frozen scientific authority before release
D01	P72D	likert	Мне было важно периодически чувствовать, что другой человек сам создаёт эротическое пространство, а не ждёт моей постоянной режиссуры.	It was important for me to periodically feel that the other person was actively creating erotic space themselves rather than waiting for me to direct it all the time.					DRAFT / SEMANTIC AUDIT REQUIRED	
D02	P72D	likert	Если стресс, усталость или временное снижение либидо уменьшали желание, оно могло восстановиться после изменения состояния.	If stress, fatigue, or a temporary drop in libido reduced my desire, it could recover after my state changed.					DRAFT / SEMANTIC AUDIT REQUIRED	
D03	P72D	likert	Моё желание лучше сохранялось, когда партнёр оставался самостоятельным человеком со своей отдельностью, а не полностью сливался со мной.	My desire was better sustained when my partner remained an autonomous person with a separateness of their own rather than fully merging with me.					DRAFT / SEMANTIC AUDIT REQUIRED	
D04	P72D	likert	Когда сильное желание реализовывалось в сексе, партнёр обычно сохранял для меня примерно ту же эротическую категорию и притягательность.	When strong desire was fulfilled through sex, my partner usually remained in roughly the same erotic category and retained similar attractiveness for me.					DRAFT / SEMANTIC AUDIT REQUIRED	
D05	P72D	likert	С ростом доверия и знания человека моё сексуальное желание к нему могло становиться глубже.	As trust and knowledge of the person grew, my sexual desire for them could deepen.					DRAFT / SEMANTIC AUDIT REQUIRED	
D06	P72D	likert	По мере более глубокого знакомства я мог(ла) обнаруживать в том же партнёре новые эротические стороны, которых раньше не замечал(а).	As I got to know the same partner more deeply, I could discover new erotic sides of them that I had not noticed before.					DRAFT / SEMANTIC AUDIT REQUIRED	
D07	P72D	likert	Самостоятельная эротическая инициатива партнёра была для меня отдельным источником возбуждения.	A partner’s independent erotic initiative was a distinct source of arousal for me.					DRAFT / SEMANTIC AUDIT REQUIRED	
D08	P72D	likert	Эмоциональная близость и доверие могли усиливать моё сексуальное желание к партнёру.	Emotional closeness and trust could strengthen my sexual desire for a partner.					DRAFT / SEMANTIC AUDIT REQUIRED	
D09	P72D	likert	Чем дольше длилось знакомство, тем чаще мне требовался дополнительный стимул, чтобы включиться с прежней силой.	The longer I had known someone, the more often I needed additional stimulation to become engaged with the same intensity as before.					DRAFT / SEMANTIC AUDIT REQUIRED	
D10	P72D	likert	После периода сексуальной скуки или однообразия удачная смена сценария могла заметно восстановить мой интерес.	After a period of sexual boredom or sameness, a successful change in scenario could noticeably restore my interest.					DRAFT / SEMANTIC AUDIT REQUIRED	
D11	P72D	likert	Удачный сексуальный контакт мог сделать партнёра для меня более эротически привлекательным в последующие дни.	A satisfying sexual encounter could make my partner more erotically attractive to me over the following days.					DRAFT / SEMANTIC AUDIT REQUIRED	
D12	P72D	likert	Новая сторона знакомого человека обычно уступала по силе ощущению совершенно нового человека.	A new side of a familiar person was usually less powerful for me than the feeling of an entirely new person.					DRAFT / SEMANTIC AUDIT REQUIRED	
D13	P72D	likert	После реализации желания человек мог оставаться для меня очень красивым и эстетически привлекательным, но сексуально возбуждать заметно меньше.	After desire had been fulfilled, a person could remain very beautiful and aesthetically attractive to me while becoming noticeably less sexually arousing.					DRAFT / SEMANTIC AUDIT REQUIRED	
D14	P72D	likert	Избыток бытового слияния и фиксированных ролей мог постепенно переводить близкого человека для меня в менее сексуальную категорию.	Excessive merging in everyday life and fixed roles could gradually shift someone close to me into a less sexual category.					DRAFT / SEMANTIC AUDIT REQUIRED	
D15	P72D	likert	После периода привычности желание могло снова нарастать внутри тех же отношений и становиться сильным, даже если партнёр оставался тем же.	After a period of familiarity, desire could build again within the same relationship and become strong even though the partner remained the same.					DRAFT / SEMANTIC AUDIT REQUIRED	
D16	P72D	likert	После отказа или несовпадения желания в конкретный момент я обычно мог(ла) вернуться к эротическому контакту без длительного остаточного охлаждения.	After rejection or a mismatch in desire at a particular moment, I could usually return to erotic contact without prolonged residual cooling.					DRAFT / SEMANTIC AUDIT REQUIRED	
D17	P72D	likert	Если партнёр в основном только откликался, но редко сам начинал или предлагал, моё желание со временем становилось менее живым.	If my partner mostly responded but rarely initiated or suggested things themselves, my desire became less alive over time.					DRAFT / SEMANTIC AUDIT REQUIRED	
D18	P72D	likert	После длительного периода похожих сексуальных эпизодов желание к тому же человеку заметно снижалось.	After a long period of similar sexual encounters, my desire for the same person noticeably decreased.					DRAFT / SEMANTIC AUDIT REQUIRED	
D19	P72D	likert	После сексуального контакта бывало, что человек довольно быстро начинал восприниматься мной прежде всего как близкий собеседник, приятель или друг.	After sexual contact, it sometimes happened that I quickly began to perceive the person primarily as a close conversational partner, companion, or friend.					DRAFT / SEMANTIC AUDIT REQUIRED	
D20	P72D	likert	Когда я уже очень хорошо знал(а) партнёра, по-настоящему сильное обновление желания чаще требовало смены человека.	When I already knew a partner very well, truly strong renewal of desire more often required a change of person.					DRAFT / SEMANTIC AUDIT REQUIRED	
D21	P72D	likert	Рост эмоциональной близости сам по себе обычно мало менял силу моего сексуального желания.	An increase in emotional closeness by itself usually changed the strength of my sexual desire very little.					DRAFT / SEMANTIC AUDIT REQUIRED	
D22	P72D	likert	Меня сильнее вовлекал партнёр, у которого было собственное эротическое намерение, а не только готовность поддержать моё.	I was more strongly engaged by a partner who had erotic intention of their own rather than only a willingness to support mine.					DRAFT / SEMANTIC AUDIT REQUIRED	
D23	P72D	likert	После серьёзного конфликта желание могло вернуться, когда между нами действительно восстанавливался контакт.	After a serious conflict, desire could return when contact between us was genuinely restored.					DRAFT / SEMANTIC AUDIT REQUIRED	
D24	P72D	likert	Даже при хороших отношениях постепенное привыкание могло само по себе уменьшать эротическое напряжение.	Even in a good relationship, gradual habituation could by itself reduce erotic tension.					DRAFT / SEMANTIC AUDIT REQUIRED	
D25	P72D	likert	Когда большинство реакций партнёра становились предсказуемыми, моё сексуальное внимание обычно слабело.	When most of a partner’s responses became predictable, my sexual attention usually weakened.					DRAFT / SEMANTIC AUDIT REQUIRED	
D26	P72D	likert	Если привычный формат начинал терять силу, я мог(ла) сам(а) предложить новую вариацию или способ взаимодействия.	If a familiar format began to lose its effect, I could suggest a new variation or way of interacting myself.					DRAFT / SEMANTIC AUDIT REQUIRED	
D27	P72D	likert	Один неудачный сексуальный эпизод обычно не разрушал моё дальнейшее эротическое восприятие партнёра.	A single unsuccessful sexual episode usually did not undermine my subsequent erotic perception of my partner.					DRAFT / SEMANTIC AUDIT REQUIRED	
D28	P72D	likert	Бытовая привычность и глубокая привязанность могли сосуществовать с эротическим интересом, почти не усиливая и не ослабляя его.	Everyday familiarity and deep attachment could coexist with erotic interest while hardly strengthening or weakening it.					DRAFT / SEMANTIC AUDIT REQUIRED	
D29	P72D	likert	Чем меньше в человеке оставалось загадки и неизвестности, тем труднее мне было сохранять прежнее эротическое напряжение.	The less mystery and unknown remained in a person, the harder it was for me to maintain the same erotic tension.					DRAFT / SEMANTIC AUDIT REQUIRED	
D30	P72D	likert	После хорошего сексуального контакта ощущение личной связи и значимости этого человека для меня обычно возрастало.	After a satisfying sexual encounter, my sense of personal connection with and significance of that person usually increased.					DRAFT / SEMANTIC AUDIT REQUIRED	
D31	P72D	likert	После реализации сильного сексуального желания мой эротический интерес к человеку иногда резко падал.	After strong sexual desire had been fulfilled, my erotic interest in the person sometimes dropped sharply.					DRAFT / SEMANTIC AUDIT REQUIRED	
D32	P72D	likert	После месяцев или лет знакомства мой сексуальный интерес к тому же человеку мог заметно возобновляться, не требуя смены партнёра.	After months or years of knowing someone, my sexual interest in the same person could noticeably renew without requiring a change of partner.					DRAFT / SEMANTIC AUDIT REQUIRED	
D33	P72D	likert	В длительной связи хорошо знакомое тело и образ могли оставаться для меня эротически значимыми без постоянного эффекта новизны.	In a long-term relationship, a familiar body and image could remain erotically significant to me without a constant effect of novelty.					DRAFT / SEMANTIC AUDIT REQUIRED	
D34	P72D	likert	При заметных изменениях внешности или тела партнёра я мог(ла) со временем находить новые способы эротически воспринимать его или её.	When a partner’s appearance or body changed noticeably, I could over time find new ways of perceiving them erotically.					DRAFT / SEMANTIC AUDIT REQUIRED	
D35	P72D	likert	Когда отношения становились слишком семейными, слитыми и предсказуемыми, партнёр мог начать восприниматься мной менее эротически.	When a relationship became too familial, merged, and predictable, I could begin to perceive my partner as less erotic.					DRAFT / SEMANTIC AUDIT REQUIRED	
D36	P72D	likert	Если партнёр временно становился пассивнее, я иногда мог(ла) сам(а) вернуть эротическую динамику, а не только ждать его или её инициативы.	If my partner became temporarily more passive, I could sometimes restore the erotic dynamic myself rather than only waiting for their initiative.					DRAFT / SEMANTIC AUDIT REQUIRED	
D37	P72D	likert	Мне было естественно попеременно быть инициатором и откликающимся, а не постоянно оставаться в одной роли.	It felt natural to me to alternate between initiating and responding rather than remaining in one role all the time.					DRAFT / SEMANTIC AUDIT REQUIRED	
D38	P72D	likert	Если привычный сексуальный сценарий переставал работать, я мог(ла) перестроиться и найти другой путь к вовлечению.	If a familiar sexual scenario stopped working, I could adapt and find another route into involvement.					DRAFT / SEMANTIC AUDIT REQUIRED	
D39	P72D	likert	После сексуальной близости у меня часто усиливались нежность и чувство эмоциональной привязанности к партнёру.	After sexual intimacy, my tenderness and sense of emotional attachment toward my partner often increased.					DRAFT / SEMANTIC AUDIT REQUIRED	
D40	P72D	likert	После исчезновения эффекта первой новизны эротический интерес к партнёру мог сохранять прежнюю силу.	After the effect of initial novelty faded, my erotic interest in my partner could remain just as strong.					DRAFT / SEMANTIC AUDIT REQUIRED	
D41	P72D	likert	Углубление знания партнёра могло само создавать новое эротическое содержание, а не только уменьшать неизвестность.	Deepening knowledge of my partner could itself create new erotic content rather than only reduce the unknown.					DRAFT / SEMANTIC AUDIT REQUIRED	
D42	P72D	likert	Для сохранения эротического напряжения мне было важно, чтобы даже в близкой связи между нами оставалось некоторое психологическое пространство.	To sustain erotic tension, it was important to me that some psychological space remained between us even in a close relationship.					DRAFT / SEMANTIC AUDIT REQUIRED	
D43	P72D	likert	Я обычно мог(ла) сам(а) инициировать эротический контакт, не дожидаясь явного первого шага партнёра.	I could usually initiate erotic contact myself without waiting for an explicit first move from my partner.					DRAFT / SEMANTIC AUDIT REQUIRED	
D44	P72D	likert	Привычность сама по себе не делала близкого человека для меня менее сексуальным.	Familiarity by itself did not make someone close to me feel less sexual.					DRAFT / SEMANTIC AUDIT REQUIRED	
D45	P72D	likert	После длительного периода без секса я мог(ла) постепенно снова настроиться на этого же партнёра, а не чувствовать, что связь уже потеряна.	After a long period without sex, I could gradually attune to the same partner again rather than feeling that the connection had already been lost.					DRAFT / SEMANTIC AUDIT REQUIRED	
D46	P72D	likert	После длительного привыкания мой интерес обычно легче запускался новым человеком, чем обновлением контакта с тем же партнёром.	After prolonged habituation, my interest was usually more easily activated by a new person than by renewing contact with the same partner.					DRAFT / SEMANTIC AUDIT REQUIRED	
D47	P72D	likert	Чувство безопасности с партнёром позволяло мне эротически раскрываться сильнее, а не только расслабляться.	Feeling safe with my partner allowed me to open up more erotically rather than merely relax.					DRAFT / SEMANTIC AUDIT REQUIRED	
D48	P72D	likert	После реализации сильного влечения сексуальное желание к этому человеку нередко становилось ещё сильнее.	After strong attraction had been fulfilled, my sexual desire for that person often became even stronger.					DRAFT / SEMANTIC AUDIT REQUIRED	
AO01	AO12	likert	Когда эмоционально важный мне человек становится заметно менее доступным, у меня быстро возникает тревога, что наша связь ослабевает.	When someone who is emotionally important to me becomes noticeably less available, I quickly become anxious that our connection is weakening.					DRAFT / SEMANTIC AUDIT REQUIRED	
AO02	AO12	likert	Когда я замечаю, что эмоционально нуждаюсь в близком человеке, мне хочется меньше показывать эту потребность и справиться с ней самостоятельно.	When I notice that I emotionally need someone close to me, I want to show that need less and handle it on my own.					DRAFT / SEMANTIC AUDIT REQUIRED	
AO03	AO12	likert	Если близкий мне человек просит больше пространства или времени для себя, мне трудно не воспринимать это как возможное ослабление его чувств ко мне.	If someone close to me asks for more space or time for themselves, I find it difficult not to interpret this as a possible weakening of their feelings for me.					DRAFT / SEMANTIC AUDIT REQUIRED	
AO04	AO12	likert	Мне некомфортно чувствовать, что моё эмоциональное состояние заметно зависит от поддержки близкого человека.	I feel uncomfortable when my emotional state noticeably depends on support from someone close to me.					DRAFT / SEMANTIC AUDIT REQUIRED	
AO05	AO12	likert	Когда мне неясно, насколько близкий человек по-прежнему вовлечён в нашу связь, мне сильно хочется получить подтверждение, что между нами всё в порядке.	When I am unsure how engaged someone close to me still is in our connection, I strongly want reassurance that things between us are all right.					DRAFT / SEMANTIC AUDIT REQUIRED	
AO06	AO12	likert	Чем важнее мне человек, тем труднее мне открыто показывать ему свою уязвимость, когда я действительно нуждаюсь в поддержке.	The more important someone is to me, the harder it is for me to openly show my vulnerability when I genuinely need support.					DRAFT / SEMANTIC AUDIT REQUIRED	
AO07	AO12	likert	После серьёзного напряжения между нами мне трудно полностью успокоиться, пока я не получу ясный знак, что наша связь по-прежнему важна для партнёра.	After serious tension between us, I find it difficult to fully calm down until I receive a clear sign that our connection still matters to my partner.					DRAFT / SEMANTIC AUDIT REQUIRED	
AO08	AO12	likert	Когда близкий человек пытается поддержать меня в эмоционально трудный момент, мне бывает трудно по-настоящему опереться на него, даже если я ему доверяю.	When someone close to me tries to support me during an emotionally difficult moment, I sometimes find it hard to truly rely on them even when I trust them.					DRAFT / SEMANTIC AUDIT REQUIRED	
AO09	AO12	likert	Небольшие изменения в тоне, внимании или частоте общения близкого человека могут заставить меня искать признаки того, что его чувства ко мне изменились.	Small changes in the tone, attention, or frequency of communication from someone close to me can make me look for signs that their feelings toward me have changed.					DRAFT / SEMANTIC AUDIT REQUIRED	
AO10	AO12	likert	Когда близкий человек старается очень глубоко включиться в мои переживания, у меня иногда возникает желание эмоционально отдалиться, даже если он настроен доброжелательно.	When someone close to me tries to become very deeply involved in what I am going through, I sometimes feel an urge to distance myself emotionally even when they mean well.					DRAFT / SEMANTIC AUDIT REQUIRED	
AO11	AO12	likert	Если я начинаю сомневаться, что значим(а) для партнёра так же сильно, как он для меня, эта мысль вызывает у меня заметное внутреннее напряжение.	If I begin to doubt that I matter to my partner as much as they matter to me, that thought creates noticeable inner tension.					DRAFT / SEMANTIC AUDIT REQUIRED	
AO12	AO12	likert	После конфликта мне трудно принимать эмоциональную поддержку именно от партнёра, даже если он искренне пытается восстановить контакт.	After a conflict, I find it difficult to accept emotional support specifically from my partner even when they are sincerely trying to restore contact.					DRAFT / SEMANTIC AUDIT REQUIRED	
SOMA01	SOMA24	likert	Когда сексуальное возбуждение только начинает возникать, я обычно замечаю первые изменения в собственном теле.	When sexual arousal is just beginning, I usually notice the first changes in my own body.					DRAFT / SEMANTIC AUDIT REQUIRED	
SOMA02	SOMA24	likert	Я обычно различаю телесное удовольствие от прикосновения и собственно сексуальное возбуждение.	I can usually distinguish bodily pleasure from touch from sexual arousal itself.					DRAFT / SEMANTIC AUDIT REQUIRED	
SOMA03	SOMA24	likert	Подходящий для меня ритм собственных движений обычно помогает поддерживать телесное возбуждение.	A rhythm of my own movements that feels right for me usually helps sustain bodily arousal.					DRAFT / SEMANTIC AUDIT REQUIRED	
SOMA04	SOMA24	likert	В некоторых эротических ситуациях собственные телесные ощущения становятся для меня менее отчётливыми, и вместе с этим возбуждение ощущается слабее.	In some erotic situations, my own bodily sensations become less distinct, and my arousal feels weaker along with them.					DRAFT / SEMANTIC AUDIT REQUIRED	
SOMA05	SOMA24	likert	В эротической ситуации мне обычно понятно, в каких частях собственного тела возбуждение ощущается наиболее заметно.	In an erotic situation, I can usually tell in which parts of my body arousal is most noticeable.					DRAFT / SEMANTIC AUDIT REQUIRED	
SOMA06	SOMA24	likert	Я замечаю, что изменение собственного дыхания во время возбуждения меняет то, как оно ощущается в теле.	I notice that changes in my own breathing during arousal change how the arousal feels in my body.					DRAFT / SEMANTIC AUDIT REQUIRED	
SOMA07	SOMA24	likert	Я обычно различаю эстетическое восхищение человеком и появление собственного телесного эротического возбуждения.	I can usually distinguish aesthetic admiration of a person from the emergence of my own bodily erotic arousal.					DRAFT / SEMANTIC AUDIT REQUIRED	
SOMA08	SOMA24	likert	Когда я начинаю следить за тем, как «должно» реагировать моё тело, мне становится труднее непосредственно чувствовать возбуждение.	When I start monitoring how my body “should” be responding, it becomes harder for me to directly feel arousal.					DRAFT / SEMANTIC AUDIT REQUIRED	
SOMA09	SOMA24	likert	Я обычно замечаю начало снижения телесного возбуждения, а не только момент, когда оно уже почти исчезло.	I usually notice when bodily arousal begins to decrease, not only when it has almost disappeared.					DRAFT / SEMANTIC AUDIT REQUIRED	
SOMA10	SOMA24	likert	Мне обычно заметна разница между телесной реакцией на эмоциональную близость и телесным эротическим откликом.	I usually notice a difference between my bodily response to emotional closeness and my bodily erotic response.					DRAFT / SEMANTIC AUDIT REQUIRED	
SOMA11	SOMA24	likert	Я замечаю, что изменение положения собственного тела меняет эротическую вовлечённость, даже когда внешняя стимуляция почти не меняется.	I notice that changing the position of my own body changes my erotic involvement even when external stimulation changes very little.					DRAFT / SEMANTIC AUDIT REQUIRED	
SOMA12	SOMA24	likert	Даже когда сексуальный интерес сохраняется, сильное мышечное напряжение у меня обычно делает телесное возбуждение менее доступным.	Even when sexual interest remains, strong muscular tension usually makes bodily arousal less accessible to me.					DRAFT / SEMANTIC AUDIT REQUIRED	
SOMA13	SOMA24	likert	По мере сексуального возбуждения я обычно замечаю изменения внутреннего телесного состояния — например, дыхания, тепла или пульсации.	As sexual arousal increases, I usually notice changes in my internal bodily state—for example breathing, warmth, or pulsation.					DRAFT / SEMANTIC AUDIT REQUIRED	
SOMA14	SOMA24	likert	Если физическая близость вызывает заметный телесный отклик, мне обычно понятно, сопровождается ли он сексуальным желанием.	If physical closeness produces a noticeable bodily response, I can usually tell whether it is accompanied by sexual desire.					DRAFT / SEMANTIC AUDIT REQUIRED	
SOMA15	SOMA24	likert	Направление внимания на собственные телесные ощущения заметно меняет интенсивность моего возбуждения.	Directing attention toward my own bodily sensations noticeably changes the intensity of my arousal.					DRAFT / SEMANTIC AUDIT REQUIRED	
SOMA16	SOMA24	likert	В некоторых эротических ситуациях телесная вовлечённость у меня ослабевает раньше, чем исчезает сам сексуальный интерес.	In some erotic situations, my bodily involvement weakens before my sexual interest itself disappears.					DRAFT / SEMANTIC AUDIT REQUIRED	
SOMA17	SOMA24	likert	По ходу эротической ситуации я обычно улавливаю изменения интенсивности телесного возбуждения.	As an erotic situation unfolds, I usually detect changes in the intensity of my bodily arousal.					DRAFT / SEMANTIC AUDIT REQUIRED	
SOMA18	SOMA24	likert	Даже при сильной телесной активации я обычно различаю сексуальное возбуждение и неэротическое волнение.	Even during strong bodily activation, I can usually distinguish sexual arousal from non-erotic excitement.					DRAFT / SEMANTIC AUDIT REQUIRED	
SOMA19	SOMA24	likert	Когда в эротической ситуации я начинаю активнее двигаться собственным телом, моё возбуждение обычно становится более выраженным.	When I begin moving my own body more actively in an erotic situation, my arousal usually becomes more pronounced.					DRAFT / SEMANTIC AUDIT REQUIRED	
SOMA20	SOMA24	likert	При очень интенсивных телесных ощущениях моя эротическая вовлечённость иногда снижается вместо того, чтобы усиливаться.	With very intense bodily sensations, my erotic involvement sometimes decreases rather than intensifies.					DRAFT / SEMANTIC AUDIT REQUIRED	
SOMA21	SOMA24	likert	В эротически значимой ситуации мне обычно заметно, когда телесный отклик остаётся слабым или почти не возникает.	In an erotically significant situation, I usually notice when my bodily response remains weak or barely arises.					DRAFT / SEMANTIC AUDIT REQUIRED	
SOMA22	SOMA24	likert	Если телесный отклик возникает неожиданно, я обычно могу определить, имеет ли он для меня эротический характер.	If a bodily response arises unexpectedly, I can usually determine whether it feels erotic to me.					DRAFT / SEMANTIC AUDIT REQUIRED	
SOMA23	SOMA24	likert	Изменение мышечного напряжения или расслабления собственного тела заметно меняет то, как я ощущаю сексуальное возбуждение.	Changes in muscular tension or relaxation in my own body noticeably change how I experience sexual arousal.					DRAFT / SEMANTIC AUDIT REQUIRED	
SOMA24	SOMA24	likert	Когда дыхание в эротической ситуации становится скованным или поверхностным, я обычно слабее ощущаю телесное возбуждение.	When my breathing becomes constrained or shallow in an erotic situation, I usually feel bodily arousal less strongly.					DRAFT / SEMANTIC AUDIT REQUIRED	
