id	module	type	text	optionA	optionB
SAT01	SAT24	likert	В несексуальной ситуации объятие близкого мне человека обычно вызывает у меня положительный эмоциональный отклик.		
SAT02	SAT24	likert	Даже прикосновение одного и того же человека может ощущаться для меня по-разному в зависимости от ситуации, в которой оно происходит.		
SAT03	SAT24	likert	Прикосновение другого человека может ощущаться для меня не только в месте контакта, но и как изменение общего состояния тела.		
SAT04	SAT24	likert	Даже если определённое прикосновение обычно для меня приемлемо, отсутствие предупреждения может сделать такой контакт телесно менее комфортным.		
SAT05	SAT24	likert	После напряжённого момента мягкое прикосновение близкого человека обычно помогает мне эмоционально успокоиться.		
SAT06	SAT24	likert	Одинаковое по форме прикосновение может ощущаться для меня совершенно по-разному в зависимости от того, кто именно меня касается.		
SAT07	SAT24	likert	Доброжелательное социальное прикосновение иногда вызывает у моего тела заметную непосредственную реакцию ещё до того, как я успеваю подробно оценить сам жест.		
SAT08	SAT24	likert	Даже лёгкое прикосновение может стать для меня телесно некомфортным, если человек касается участка тела, который для характера наших отношений ощущается слишком личным.		
SAT09	SAT24	likert	Если приветственное прикосновение обычно для наших отношений, оно всё равно может иметь для меня собственную эмоциональную значимость.		
SAT10	SAT24	likert	Одно и то же дружеское прикосновение может ощущаться для меня по-разному в зависимости от того, происходит оно наедине или в присутствии других людей.		
SAT11	SAT24	likert	После тёплого несексуального объятия я обычно ощущаю заметное изменение состояния собственного тела.		
SAT12	SAT24	likert	Прикосновение малознакомого человека может оставаться для меня телесно некомфортным, даже если я понимаю, что у него нет плохого намерения.		
SAT13	SAT24	likert	В тёплом общении прикосновение может добавлять для меня эмоциональную значимость, которой одни слова не дают.		
SAT14	SAT24	likert	Прикосновение близкого друга и похожее прикосновение малознакомого человека обычно вызывают у меня различный телесный отклик.		
SAT15	SAT24	likert	При дружеском или поддерживающем прикосновении у меня иногда заметно меняется дыхание, мышечный тонус или другое состояние тела.		
SAT16	SAT24	likert	Прикосновение человека, с которым у меня нет близких отношений, нередко вызывает у меня телесное напряжение, даже если само прикосновение краткое и нейтральное.		
SAT17	SAT24	likert	Когда близкий человек меня поддерживает, его прикосновение само по себе обычно добавляет мне ощущение эмоциональной поддержки.		
SAT18	SAT24	likert	Моя реакция на прикосновение заметно зависит от того, какой смысл я воспринимаю в этом жесте — например приветствие, поддержку или привлечение внимания.		
SAT19	SAT24	likert	После эмоционально значимого прикосновения телесное ощущение от него иногда сохраняется у меня ещё некоторое время после окончания контакта.		
SAT20	SAT24	likert	Когда человек в обычном разговоре касается меня чаще, чем мне комфортно, я начинаю телесно ощущать желание увеличить дистанцию.		
SAT21	SAT24	likert	В обычном несексуальном общении короткое прикосновение человека, с которым у меня хорошие отношения, может сделать взаимодействие для меня эмоционально теплее.		
SAT22	SAT24	likert	Степень эмоциональной близости с человеком заметно меняет то, как я переживаю его прикосновение.		
SAT23	SAT24	likert	Даже небольшое доброжелательное прикосновение иногда вызывает у меня заметное телесное изменение — например тепло, расслабление или изменение общего тонуса.		
SAT24	SAT24	likert	Неподходящее для меня прикосновение часто вызывает телесную реакцию раньше, чем я успеваю сформулировать, почему оно мне не подходит.		
Q01	P72	likert	Когда я замечал(а) визуальную гармонию или красоту тела, моё внимание часто переходило от простого любования к эротическому интересу.		
Q02	P72	likert	Мне было важно не только видеть желание партнёра, но и чувствовать, что мы вместе формируем то, как смотрим друг на друга и создаём атмосферу.		
Q03	P72	likert	Без реальных телесных или сенсорных сигналов даже привлекательный визуальный образ иногда оставался для меня неполным.		
Q04	P72	likert	Меня захватывало не столько удачно зафиксированное положение, сколько то, как сама форма менялась в движении.		
Q05	P72	likert	Предвкушение ещё не исследованной вариации само по себе удерживало моё внимание и интерес.		
Q06	P72	likert	Знакомый мне образ всё равно мог сильно притягивать, если в нём сохранялись масштаб, контраст или мощная выразительность.		
Q07	P72	likert	Одна характерная деталь тела могла удерживать моё внимание независимо от того, насколько идеальным был общий силуэт.		
Q08	P72	likert	Слишком нейтральная или сдержанная подача часто уменьшала силу моего впечатления, даже если сам образ был новым.		
Q09	P72	likert	Когда визуальная красота оставалась для меня только красивой и не переходила в телесный отклик, моё эротическое вовлечение часто ощущалось неполным.		
Q10	P72	likert	Один и тот же человек мог восприниматься мной заметно по-разному в зависимости от света, ракурса, фона или качества видимости.		
Q11	P72	likert	Для усиления моего желания было важно прежде всего почувствовать реальный отклик партнёра, даже если мы не создавали вместе особую визуальную атмосферу.		
Q12	P72	likert	Я мог(ла) подолгу удерживать внимание на гармонии формы тела просто потому, что она казалась мне красивой.		
Q13	P72	likert	Искреннее желание, удовольствие или эмоциональная включённость партнёра могли сами по себе усиливать моё собственное возбуждение.		
Q14	P72	likert	Моё внимание легко следовало за тем, как при движении меняются линии, напряжение, баланс и объёмы тела.		
Q15	P72	likert	Поверхность и объём тела удерживали моё внимание не только визуально: я мысленно как будто ощущал(а), какими они были бы на ощупь.		
Q16	P72	likert	Сильный контраст, масштаб, подчёркнутая форма или необычная выразительность могли мгновенно усиливать моё притяжение.		
Q17	P72	likert	Одностороннее рассматривание без ощущения совместности могло обеднять мой опыт, даже при явной взаимной симпатии или желании.		
Q18	P72	likert	Когда зрительный образ не вызывал у меня никакого ощущения фактуры или телесности, он становился заметно менее живым и вовлекающим.		
Q19	P72	likert	Когда несколько чувств включались одновременно, моё внимание сильнее погружалось в человека, чем при одном зрительном впечатлении.		
Q20	P72	likert	Красота линии, силуэта или жеста могла сама по себе вызывать у меня эстетическое восхищение, даже если я не хотел(а) развивать это в сексуальную сторону.		
Q21	P72	likert	Новый образ, ракурс, вариация или сценарий могли быстро вернуть моё внимание к уже знакомому человеку.		
Q22	P72	likert	То, как тело было показано в пространстве и освещении, нередко становилось центральной частью моего визуального впечатления.		
Q23	P72	likert	Бывало, что я ясно ценил(а) красоту тела как эстетическое переживание, хотя телесного возбуждения в этот момент почти не было.		
Q24	P72	likert	Когда визуальный образ создавался нами вместе, сам обмен взглядами и реакциями мог стать центральной частью моего внимания.		
Q25	P72	likert	Для моего возбуждения имел значение именно переход от увиденной красоты к телесному желанию, а не только факт, что я считал(а) человека красивым.		
Q26	P72	likert	При первом впечатлении я часто сразу считывал(а) общую архитектуру тела - силуэт, пропорции, линии и баланс объёмов.		
Q27	P72	likert	Долгое повторение без заметной вариативности обычно снижало мою вовлечённость.		
Q28	P72	likert	Чтобы ощущение стало по-настоящему телесным, мне часто было важно получить реальный сенсорный отклик, а не только представить его по виду.		
Q29	P72	likert	Жест, поворот или переход между позами мог сразу сделать тело для меня выразительнее, чем в неподвижном состоянии.		
Q30	P72	likert	Даже привлекательные детали теряли часть силы, если общий силуэт или соотношение объёмов казались мне несобранными.		
Q31	P72	likert	Во время эротического вовлечения я естественно замечал(а) отклик партнёра, и он становился частью того, что удерживало мой интерес.		
Q32	P72	likert	Взаимный взгляд и совместное изменение позы, света или атмосферы могли сами становиться источником эротического вовлечения.		
Q33	P72	likert	Отдельные особенности - рельеф, переходы, контуры или небольшие анатомические детали - сами привлекали моё внимание.		
Q34	P72	likert	Я мог(ла) получить почти осязательное впечатление от тела только через взгляд, даже когда реального прикосновения не было и оно не требовалось.		
Q35	P72	likert	Даже без движения смена света, ракурса или композиции могла существенно изменить силу моего впечатления.		
Q36	P72	likert	Когда я видел(а) только неподвижный образ, мне иногда не хватало именно пластики движения, чтобы впечатление стало полноценным.		
Q37	P72	likert	Цельное сочетание форм удерживало моё внимание сильнее, чем любой один отдельный признак.		
Q38	P72	likert	Реальные ощущения - прикосновение, температура, запах, голос или дыхание рядом - могли заметно усиливать моё визуальное и эротическое вовлечение.		
Q39	P72	likert	Если индивидуальный рельеф и характерные детали становились визуально нейтральными или незаметными, моё впечатление теряло часть интереса.		
Q40	P72	likert	Неудачный свет, ракурс или визуальный хаос могли заметно уменьшить моё вовлечение, даже если сама форма тела мне нравилась.		
Q41	P72	likert	Даже в неподвижном образе я прежде всего воспринимал(а), как линии и объёмы складываются в единую композицию.		
Q42	P72	likert	Визуально красивый образ тела мог сам по себе быстро запускать у меня телесное возбуждение ещё до прикосновения или явного отклика партнёра.		
Q43	P72	likert	Когда я не находил(а) образ эстетически красивым, часть моего вовлечения терялась, даже если сексуальное желание или личная симпатия сохранялись.		
Q44	P72	likert	Одного взгляда на кожу, изгиб или рельеф иногда было достаточно, чтобы почти почувствовать их фактуру, тепло или плотность.		
Q45	P72	likert	Даже небольшая и неяркая новизна могла оживить мой интерес, не требуя сильного контраста или интенсивности.		
Q46	P72	likert	Я мог(ла) получать сильное впечатление от конкретной детали, даже когда общий силуэт не казался мне особенно выдающимся.		
Q47	P72	likert	При отсутствии явного эмоционального или эротического отклика со стороны партнёра моё вовлечение часто становилось менее глубоким, даже если визуально человек оставался привлекательным.		
Q48	P72	likert	Ярко выраженные формы или контрасты могли доминировать в моём внимании, даже если я видел(а) их уже не впервые.		
Q49	P72	comparative	Если сохранить можно только один механизм, что для вас труднее заменить?	Чтобы внимание захватывала тонкая индивидуальная деталь или переход формы.	Чтобы внимание захватывала сильная, масштабная или контрастная выразительность.
Q50	P72	comparative	Если сохранить можно только один механизм, что для вас труднее заменить?	Чтобы выразительность раскрывалась в изменении формы во времени.	Чтобы особенно сильно работала цельная архитектура силуэта и пропорций.
Q51	P72	comparative	Если сохранить можно только один механизм, что для вас труднее заменить? интенсивности.	Чтобы особенно действовала мощная, подчёркнутая выразительность формы.	Чтобы красота и гармония формы были ценны сами по себе, даже без высокой
Q52	P72	comparative	Если сохранить можно только один механизм, что для вас труднее заменить?	Получать новый импульс от смены образа, вариации или сценария.	Чтобы сила впечатления зависела от точного света, ракурса и композиции.
Q53	P72	comparative	Если сохранить можно только один механизм, что для вас труднее заменить? обычный.	Замечать и удерживать внимание на индивидуальной детали, даже если общий силуэт	Считывать цельную композицию тела, даже если отдельные детали не выделяются.
Q54	P72	comparative	Если сохранить можно только один механизм, что для вас труднее заменить?	Получать почти осязательное ощущение поверхности уже через взгляд.	Считывать, как форма тела оживает и меняется в жесте и движении.
Q55	P72	comparative	Если сохранить можно только один механизм, что для вас труднее заменить? присутствия партнёра. интенсивности.	Чтобы вовлечение становилось глубже от видимого удовольствия и личного	Чтобы притяжение усиливалось от масштаба, контраста и выразительной
Q56	P72	comparative	Если сохранить можно только один механизм, что для вас труднее заменить?	Чтобы качество света, ракурса и пространства определяло силу визуального момента.	Чтобы главное изменение впечатления происходило через жест, поворот и движение.
Q57	P72	comparative	Если сохранить можно только один механизм, что для вас труднее заменить?	Наблюдать превращение линий и объёмов в движении.	Вместе формировать визуальную атмосферу через взаимный взгляд, позу и реакцию.
Q58	P72	comparative	Если сохранить можно только один механизм, что для вас труднее заменить?	Чтобы увиденная красота сама запускала эротический телесный отклик.	Чтобы взгляд почти давал ощущение фактуры, объёма и прикосновения.
Q59	P72	comparative	Если сохранить можно только один механизм, что для вас труднее заменить?	Воспринимать баланс всего силуэта и соотношение объёмов.	Почти телесно чувствовать поверхность и объём уже по визуальному образу.
Q60	P72	comparative	Если сохранить можно только один механизм, что для вас труднее заменить?	Получать квазитактильное ощущение только через взгляд, без реального контакта.	Получать полноту именно от реальных сенсорных сигналов, добавленных к зрению.
Q61	P72	comparative	Если сохранить можно только один механизм, что для вас труднее заменить? полноценным. видимость.	Чтобы реальное присутствие других ощущений делало визуальное впечатление	Чтобы решающее значение имела визуальная постановка - свет, ракурс, фон и
Q62	P72	comparative	Если сохранить можно только один механизм, что для вас труднее заменить?	Участвовать вдвоём в том, как создаётся визуальный и чувственный момент.	Открывать новую вариацию или ракурс, который снова оживляет интерес.
Q63	P72	comparative	Если сохранить можно только один механизм, что для вас труднее заменить?	Считывать тело прежде всего как цельную систему линий, пропорций и объёмов.	Переживать красоту тела как самостоятельную эстетическую ценность.
Q64	P72	comparative	Если сохранить можно только один механизм, что для вас труднее заменить?	Сохранять эстетическое восхищение формой само по себе.	Сохранять усиление желания от эмоционального и эротического отклика партнёра.
Q65	P72	comparative	Если сохранить можно только один механизм, что для вас труднее заменить? контраста. интенсивности.	Чтобы даже знакомая форма могла сильно действовать за счёт интенсивности и	Чтобы даже небольшая новая вариация могла оживлять интерес без сильной
Q66	P72	comparative	Если сохранить можно только один механизм, что для вас труднее заменить? голосом или запахом.	Предвкушать и исследовать ещё не знакомую вариацию.	Погружаться через реальное соединение зрения с прикосновением, температурой,
Q67	P72	comparative	Если сохранить можно только один механизм, что для вас труднее заменить? желания.	Чувствовать совместность взгляда и то, что образ создаётся вдвоём.	Чувствовать искреннее желание и удовольствие партнёра как усилитель собственного
Q68	P72	comparative	Если сохранить можно только один механизм, что для вас труднее заменить? даже без возбуждения.	Сохранить возможность любоваться красотой тела как самостоятельной ценностью,	Сохранить способность визуальной красоте быстро переходить в телесное возбуждение.
Q69	P72	comparative	Если сохранить можно только один механизм, что для вас труднее заменить?	Чтобы собственное возбуждение заметно усиливалось от живого отклика партнёра.	Чтобы визуальная красота сама по себе переводила интерес в телесное возбуждение.
Q70	P72	comparative	Если сохранить можно только один механизм, что для вас труднее заменить? вовлечения.	Чтобы прикосновение, температура, голос или запах добавляли важную часть	Чтобы уникальные локальные особенности тела сами удерживали интерес.
Q71	P72	comparative	Если сохранить можно только один механизм, что для вас труднее заменить? показана. самостоятельную привлекательность.	Чтобы одна и та же форма сильно менялась для меня из-за способа, которым она	Чтобы отдельный рельеф, переход или анатомическая деталь сохраняли
Q72	P72	comparative	Если сохранить можно только один механизм, что для вас труднее заменить? возбуждения.	Чтобы красивый визуальный образ непосредственно включал эротическую реакцию.	Чтобы взаимный взгляд и совместное создание атмосферы становились частью
D01	P72D	likert	Мне было важно периодически чувствовать, что другой человек сам создаёт эротическое пространство, а не ждёт моей постоянной режиссуры.		
D02	P72D	likert	Если стресс, усталость или временное снижение либидо уменьшали желание, оно могло восстановиться после изменения состояния.		
D03	P72D	likert	Моё желание лучше сохранялось, когда партнёр оставался самостоятельным человеком со своей отдельностью, а не полностью сливался со мной.		
D04	P72D	likert	Когда сильное желание реализовывалось в сексе, партнёр обычно сохранял для меня примерно ту же эротическую категорию и притягательность.		
D05	P72D	likert	С ростом доверия и знания человека моё сексуальное желание к нему могло становиться глубже.		
D06	P72D	likert	По мере более глубокого знакомства я мог(ла) обнаруживать в том же партнёре новые эротические стороны, которых раньше не замечал(а).		
D07	P72D	likert	Самостоятельная эротическая инициатива партнёра была для меня отдельным источником возбуждения.		
D08	P72D	likert	Эмоциональная близость и доверие могли усиливать моё сексуальное желание к партнёру.		
D09	P72D	likert	Чем дольше длилось знакомство, тем чаще мне требовался дополнительный стимул, чтобы включиться с прежней силой.		
D10	P72D	likert	После периода сексуальной скуки или однообразия удачная смена сценария могла заметно восстановить мой интерес.		
D11	P72D	likert	Удачный сексуальный контакт мог сделать партнёра для меня более эротически привлекательным в последующие дни.		
D12	P72D	likert	Новая сторона знакомого человека обычно уступала по силе ощущению совершенно нового человека.		
D13	P72D	likert	После реализации желания человек мог оставаться для меня очень красивым и эстетически привлекательным, но сексуально возбуждать заметно меньше.		
D14	P72D	likert	Избыток бытового слияния и фиксированных ролей мог постепенно переводить близкого человека для меня в менее сексуальную категорию.		
D15	P72D	likert	После периода привычности желание могло снова нарастать внутри тех же отношений и становиться сильным, даже если партнёр оставался тем же.		
D16	P72D	likert	После отказа или несовпадения желания в конкретный момент я обычно мог(ла) вернуться к эротическому контакту без длительного остаточного охлаждения.		
D17	P72D	likert	Если партнёр в основном только откликался, но редко сам начинал или предлагал, моё желание со временем становилось менее живым.		
D18	P72D	likert	После длительного периода похожих сексуальных эпизодов желание к тому же человеку заметно снижалось.		
D19	P72D	likert	После сексуального контакта бывало, что человек довольно быстро начинал восприниматься мной прежде всего как близкий собеседник, приятель или друг.		
D20	P72D	likert	Когда я уже очень хорошо знал(а) партнёра, по-настоящему сильное обновление желания чаще требовало смены человека.		
D21	P72D	likert	Рост эмоциональной близости сам по себе обычно мало менял силу моего сексуального желания.		
D22	P72D	likert	Меня сильнее вовлекал партнёр, у которого было собственное эротическое намерение, а не только готовность поддержать моё.		
D23	P72D	likert	После серьёзного конфликта желание могло вернуться, когда между нами действительно восстанавливался контакт.		
D24	P72D	likert	Даже при хороших отношениях постепенное привыкание могло само по себе уменьшать эротическое напряжение.		
D25	P72D	likert	Когда большинство реакций партнёра становились предсказуемыми, моё сексуальное внимание обычно слабело.		
D26	P72D	likert	Если привычный формат начинал терять силу, я мог(ла) сам(а) предложить новую вариацию или способ взаимодействия.		
D27	P72D	likert	Один неудачный сексуальный эпизод обычно не разрушал моё дальнейшее эротическое восприятие партнёра.		
D28	P72D	likert	Бытовая привычность и глубокая привязанность могли сосуществовать с эротическим интересом, почти не усиливая и не ослабляя его.		
D29	P72D	likert	Чем меньше в человеке оставалось загадки и неизвестности, тем труднее мне было сохранять прежнее эротическое напряжение.		
D30	P72D	likert	После хорошего сексуального контакта ощущение личной связи и значимости этого человека для меня обычно возрастало.		
D31	P72D	likert	После реализации сильного сексуального желания мой эротический интерес к человеку иногда резко падал.		
D32	P72D	likert	После месяцев или лет знакомства мой сексуальный интерес к тому же человеку мог заметно возобновляться, не требуя смены партнёра.		
D33	P72D	likert	В длительной связи хорошо знакомое тело и образ могли оставаться для меня эротически значимыми без постоянного эффекта новизны.		
D34	P72D	likert	При заметных изменениях внешности или тела партнёра я мог(ла) со временем находить новые способы эротически воспринимать его или её.		
D35	P72D	likert	Когда отношения становились слишком семейными, слитыми и предсказуемыми, партнёр мог начать восприниматься мной менее эротически.		
D36	P72D	likert	Если партнёр временно становился пассивнее, я иногда мог(ла) сам(а) вернуть эротическую динамику, а не только ждать его или её инициативы.		
D37	P72D	likert	Мне было естественно попеременно быть инициатором и откликающимся, а не постоянно оставаться в одной роли.		
D38	P72D	likert	Если привычный сексуальный сценарий переставал работать, я мог(ла) перестроиться и найти другой путь к вовлечению.		
D39	P72D	likert	После сексуальной близости у меня часто усиливались нежность и чувство эмоциональной привязанности к партнёру.		
D40	P72D	likert	После исчезновения эффекта первой новизны эротический интерес к партнёру мог сохранять прежнюю силу.		
D41	P72D	likert	Углубление знания партнёра могло само создавать новое эротическое содержание, а не только уменьшать неизвестность.		
D42	P72D	likert	Для сохранения эротического напряжения мне было важно, чтобы даже в близкой связи между нами оставалось некоторое психологическое пространство.		
D43	P72D	likert	Я обычно мог(ла) сам(а) инициировать эротический контакт, не дожидаясь явного первого шага партнёра.		
D44	P72D	likert	Привычность сама по себе не делала близкого человека для меня менее сексуальным.		
D45	P72D	likert	После длительного периода без секса я мог(ла) постепенно снова настроиться на этого же партнёра, а не чувствовать, что связь уже потеряна.		
D46	P72D	likert	После длительного привыкания мой интерес обычно легче запускался новым человеком, чем обновлением контакта с тем же партнёром.		
D47	P72D	likert	Чувство безопасности с партнёром позволяло мне эротически раскрываться сильнее, а не только расслабляться.		
D48	P72D	likert	После реализации сильного влечения сексуальное желание к этому человеку нередко становилось ещё сильнее.		
AO01	AO12	likert	Когда эмоционально важный мне человек становится заметно менее доступным, у меня быстро возникает тревога, что наша связь ослабевает.		
AO02	AO12	likert	Когда я замечаю, что эмоционально нуждаюсь в близком человеке, мне хочется меньше показывать эту потребность и справиться с ней самостоятельно.		
AO03	AO12	likert	Если близкий мне человек просит больше пространства или времени для себя, мне трудно не воспринимать это как возможное ослабление его чувств ко мне.		
AO04	AO12	likert	Мне некомфортно чувствовать, что моё эмоциональное состояние заметно зависит от поддержки близкого человека.		
AO05	AO12	likert	Когда мне неясно, насколько близкий человек по-прежнему вовлечён в нашу связь, мне сильно хочется получить подтверждение, что между нами всё в порядке.		
AO06	AO12	likert	Чем важнее мне человек, тем труднее мне открыто показывать ему свою уязвимость, когда я действительно нуждаюсь в поддержке.		
AO07	AO12	likert	После серьёзного напряжения между нами мне трудно полностью успокоиться, пока я не получу ясный знак, что наша связь по-прежнему важна для партнёра.		
AO08	AO12	likert	Когда близкий человек пытается поддержать меня в эмоционально трудный момент, мне бывает трудно по-настоящему опереться на него, даже если я ему доверяю.		
AO09	AO12	likert	Небольшие изменения в тоне, внимании или частоте общения близкого человека могут заставить меня искать признаки того, что его чувства ко мне изменились.		
AO10	AO12	likert	Когда близкий человек старается очень глубоко включиться в мои переживания, у меня иногда возникает желание эмоционально отдалиться, даже если он настроен доброжелательно.		
AO11	AO12	likert	Если я начинаю сомневаться, что значим(а) для партнёра так же сильно, как он для меня, эта мысль вызывает у меня заметное внутреннее напряжение.		
AO12	AO12	likert	После конфликта мне трудно принимать эмоциональную поддержку именно от партнёра, даже если он искренне пытается восстановить контакт.		
SOMA01	SOMA24	likert	Когда сексуальное возбуждение только начинает возникать, я обычно замечаю первые изменения в собственном теле.		
SOMA02	SOMA24	likert	Я обычно различаю телесное удовольствие от прикосновения и собственно сексуальное возбуждение.		
SOMA03	SOMA24	likert	Подходящий для меня ритм собственных движений обычно помогает поддерживать телесное возбуждение.		
SOMA04	SOMA24	likert	В некоторых эротических ситуациях собственные телесные ощущения становятся для меня менее отчётливыми, и вместе с этим возбуждение ощущается слабее.		
SOMA05	SOMA24	likert	В эротической ситуации мне обычно понятно, в каких частях собственного тела возбуждение ощущается наиболее заметно.		
SOMA06	SOMA24	likert	Я замечаю, что изменение собственного дыхания во время возбуждения меняет то, как оно ощущается в теле.		
SOMA07	SOMA24	likert	Я обычно различаю эстетическое восхищение человеком и появление собственного телесного эротического возбуждения.		
SOMA08	SOMA24	likert	Когда я начинаю следить за тем, как «должно» реагировать моё тело, мне становится труднее непосредственно чувствовать возбуждение.		
SOMA09	SOMA24	likert	Я обычно замечаю начало снижения телесного возбуждения, а не только момент, когда оно уже почти исчезло.		
SOMA10	SOMA24	likert	Мне обычно заметна разница между телесной реакцией на эмоциональную близость и телесным эротическим откликом.		
SOMA11	SOMA24	likert	Я замечаю, что изменение положения собственного тела меняет эротическую вовлечённость, даже когда внешняя стимуляция почти не меняется.		
SOMA12	SOMA24	likert	Даже когда сексуальный интерес сохраняется, сильное мышечное напряжение у меня обычно делает телесное возбуждение менее доступным.		
SOMA13	SOMA24	likert	По мере сексуального возбуждения я обычно замечаю изменения внутреннего телесного состояния — например, дыхания, тепла или пульсации.		
SOMA14	SOMA24	likert	Если физическая близость вызывает заметный телесный отклик, мне обычно понятно, сопровождается ли он сексуальным желанием.		
SOMA15	SOMA24	likert	Направление внимания на собственные телесные ощущения заметно меняет интенсивность моего возбуждения.		
SOMA16	SOMA24	likert	В некоторых эротических ситуациях телесная вовлечённость у меня ослабевает раньше, чем исчезает сам сексуальный интерес.		
SOMA17	SOMA24	likert	По ходу эротической ситуации я обычно улавливаю изменения интенсивности телесного возбуждения.		
SOMA18	SOMA24	likert	Даже при сильной телесной активации я обычно различаю сексуальное возбуждение и неэротическое волнение.		
SOMA19	SOMA24	likert	Когда в эротической ситуации я начинаю активнее двигаться собственным телом, моё возбуждение обычно становится более выраженным.		
SOMA20	SOMA24	likert	При очень интенсивных телесных ощущениях моя эротическая вовлечённость иногда снижается вместо того, чтобы усиливаться.		
SOMA21	SOMA24	likert	В эротически значимой ситуации мне обычно заметно, когда телесный отклик остаётся слабым или почти не возникает.		
SOMA22	SOMA24	likert	Если телесный отклик возникает неожиданно, я обычно могу определить, имеет ли он для меня эротический характер.		
SOMA23	SOMA24	likert	Изменение мышечного напряжения или расслабления собственного тела заметно меняет то, как я ощущаю сексуальное возбуждение.		
SOMA24	SOMA24	likert	Когда дыхание в эротической ситуации становится скованным или поверхностным, я обычно слабее ощущаю телесное возбуждение.		
